{"Year":{"0":"1945","1":"1946","2":"1947","3":"1948","4":"1949","5":"1950","6":"1951","7":"1952","8":"1953","9":"1954","10":"1955","11":"1956","12":"1957","13":"1958","14":"1959","15":"1960","16":"1961","17":"1962","18":"1963","19":"1964","20":"1965","21":"1966","22":"1967","23":"1968","24":"1969","25":"1970","26":"1971","27":"1972","28":"1973","29":"1974","30":"1975","31":"1976","32":"1977","33":"1978","34":"1979","35":"1980","36":"1981","37":"1982","38":"1983","39":"1984","40":"1985","41":"1986","42":"1987","43":"1988","44":"1989","45":"1990","46":"1991","47":"1992","48":"1993","49":"1994","50":"1995","51":"1996","52":"1997","53":"1998","54":"1999","55":"2000","56":"2001","57":"2002","58":"2003","59":"2004","60":"2005","61":"2006","62":"2007","63":"2008","64":"2009","65":"2010","66":"2011","67":"2012","68":"2013","69":"2014","70":"2015","71":"2016","72":"2017","73":"2018","74":"2019","75":"2020","76":"2021"},"Article Count":{"0":6,"1":31,"2":15,"3":7,"4":7,"5":9,"6":15,"7":6,"8":4,"9":23,"10":35,"11":39,"12":78,"13":37,"14":38,"15":93,"16":53,"17":53,"18":27,"19":24,"20":15,"21":12,"22":54,"23":73,"24":103,"25":57,"26":43,"27":55,"28":15,"29":12,"30":41,"31":37,"32":88,"33":78,"34":98,"35":7,"36":45,"37":78,"38":129,"39":66,"40":122,"41":127,"42":114,"43":42,"44":47,"45":26,"46":42,"47":17,"48":17,"49":17,"50":9,"51":11,"52":21,"53":5,"54":17,"55":19,"56":35,"57":14,"58":5,"59":3,"60":6,"61":3,"62":1,"63":3,"64":6,"65":10,"66":2,"67":1,"68":5,"69":4,"70":3,"71":8,"72":3,"73":14,"74":8,"75":1,"76":4},"year_occurence":{"0":126408,"1":143518,"2":155109,"3":154365,"4":158828,"5":161566,"6":162577,"7":159520,"8":151177,"9":147077,"10":144383,"11":144124,"12":142361,"13":144253,"14":147707,"15":145355,"16":140609,"17":138512,"18":114852,"19":136003,"20":120312,"21":130040,"22":121868,"23":119498,"24":108541,"25":96133,"26":93554,"27":95336,"28":91917,"29":90177,"30":91302,"31":85551,"32":90256,"33":65052,"34":81049,"35":81344,"36":96081,"37":100314,"38":105798,"39":111614,"40":107210,"41":111140,"42":108800,"43":106949,"44":105090,"45":99325,"46":87594,"47":90137,"48":89032,"49":86280,"50":92095,"51":85431,"52":95367,"53":100442,"54":102456,"55":109781,"56":120400,"57":116376,"58":114662,"59":113501,"60":121693,"61":190764,"62":131369,"63":159644,"64":162296,"65":117741,"66":107767,"67":105853,"68":93587,"69":100558,"70":95074,"71":73816,"72":62782,"73":68094,"74":56393,"75":58283,"76":57381},"normalized":{"0":0.004746535,"1":0.021600078,"2":0.0096706187,"3":0.0045347067,"4":0.0044072834,"5":0.0055704789,"6":0.0092263973,"7":0.0037612839,"8":0.0026459051,"9":0.0156380671,"10":0.024241081,"11":0.0270600316,"12":0.0547902867,"13":0.0256493799,"14":0.0257266074,"15":0.0639812872,"16":0.0376931775,"17":0.0382638327,"18":0.0235085153,"19":0.0176466696,"20":0.0124675843,"21":0.0092279299,"22":0.0443102373,"23":0.0610888885,"24":0.0948950166,"25":0.0592928547,"26":0.0459627595,"27":0.057690694,"28":0.0163190705,"29":0.0133071626,"30":0.0449059166,"31":0.0432490561,"32":0.0975004432,"33":0.1199040767,"34":0.1209145085,"35":0.0086054288,"36":0.0468354826,"37":0.0777558466,"38":0.1219304713,"39":0.0591323669,"40":0.1137953549,"41":0.1142702897,"42":0.1047794118,"43":0.0392710544,"44":0.0447235703,"45":0.0261766927,"46":0.0479484896,"47":0.0188601795,"48":0.0190942582,"49":0.0197032916,"50":0.0097725175,"51":0.0128758881,"52":0.0220201957,"53":0.0049779973,"54":0.0165924885,"55":0.0173071843,"56":0.0290697674,"57":0.0120299718,"58":0.0043606426,"59":0.0026431485,"60":0.0049304397,"61":0.0015726238,"62":0.0007612146,"63":0.0018791812,"64":0.0036969488,"65":0.0084932182,"66":0.0018558557,"67":0.0009447063,"68":0.0053426224,"69":0.0039778039,"70":0.0031554368,"71":0.0108377588,"72":0.0047784397,"73":0.0205598144,"74":0.0141861579,"75":0.0017157662,"76":0.0069709486}}